|image_name|score|stat|username|
|pubg_100.jpg|#1/50|#1 8 895|TheFriendlyAlex|
|pubg_101.jpg|#1/50|#1 8 858|Krismeisterr|
|pubg_102.jpg|#1/98|#1 5 1,000|iAmHaze|
|pubg_103.jpg|#45/91|#45 10 476|TrentFriend|
|pubg_104.jpg|#1/99|#1 5 1,005|Skar-|
|pubg_105.jpg|#0/96|#0 0 0||
|pubg_106.jpg|#16/20|#16 1 0|DrDisRespect|
|pubg_107.jpg|#1/95|#1 7 1,083|Voxis7|
|pubg_108.jpg|#1/99|#1 5 1,005|Skar-|
|pubg_109.jpg|#14/35|#14 11 396|reha0test|
|pubg_110.jpg|#87/100|#87 1 47|RadiAK|
|pubg_111.jpg|#1/30|#1 6 553|Cookiedropz|
|pubg_112.jpg||#1 2 448|V1rtualSold1er|
|pubg_113.jpg|#4/12|#4 0 0|Miken_TV|
|pubg_114.jpg|#5/12|#5 1 0|AnarcticA|
|pubg_115.jpg|#1/89|#1 8 1,097|jolandekiller|
|pubg_116.jpg|#2/15|#2 0 0|Zharl|
|pubg_117.jpg|#3/16|#3 2 0|Zharl|
|pubg_118.jpg|#1/100||LawrenceHo|
|pubg_119.jpg|#1/31|#1 6 1,698|XL RaSta|
|pubg_120.jpg|#1/100|#1 15 729|elyas420|
|pubg_121.jpg||#7 0 271||
|pubg_122.jpg|#2/98|#2 6 602|DoggleBoggle|
|pubg_123.jpg|#4/100|#4 8 580|Mihran|
|pubg_124.jpg|#25/100|#25 4 137|ParasSolanki|
|pubg_125.jpg|#28/100|#28 3 237|testerbg|
|pubg_126.jpg|#4/100|#4 9 493|Angel24k|
|pubg_127.jpg|#6/100|#6 2 348|aQeeljj|
|pubg_128.jpg|#2/100|#2 3 597|DHCArchatoz|
|pubg_129.jpg|#2/99|#2 5 720|IvyLiz|
|pubg_130.jpg|#1/96|#1 1 845|Lachty|
|pubg_131.jpg|#1/19|#1 7 255|Eesha17|
|pubg_132.jpg|#1/100|#1 4 603|4H-RiPpeR|
|pubg_133.jpg|#1/98/|#1 5 823|EvilOn3|
|pubg_134.jpg||#24 3 93|shroud|
|pubg_135.jpg|#76/94|#76 1 78|Infineet|
|pubg_136.jpg||#1 10||
|pubg_137.jpg|#1/100||CrystalWtf|
|pubg_138.jpg|#11/97|#11 6 426|1focus1|
|pubg_139.jpg|#1/93|#1 7 1,084|OldWolfArtorias|
|pubg_140.jpg|#1/100|#1 10 0|Bet5|
|pubg_141.jpg|#1/28|#1 0 162|xavierPUBG|
|pubg_142.jpg|#1/99|#1 6 676|xavierPUBG|
|pubg_143.jpg|||xavierPUBG|
|pubg_144.jpg|#39/48|#39 0 26|alexmannnnnnnnn|
|pubg_145.jpg|#1/96|#1 3 929|WhamenRespecter|
|pubg_146.jpg||#11 6 430||
|pubg_147.jpg|#1/100|#1 7 1,054|BMLM|
|pubg_148.jpg|#1/99|#1 17 821|Rajiv|
|pubg_149.jpg|#1/100|#1 8 750|SovietSexMachi|
|pubg_150.jpg|#1/45|#1 1 618|AutomaticZen|
|pubg_151.jpg|#1/100||Kushh1|
|pubg_152.jpg||#10 0 98||
|pubg_153.jpg|#29/100|#29 3 183|eVolVee|
|pubg_154.jpg|#1/50|#1 4 701|Twiizle|
|pubg_155.jpg|#86/92|#86 0 44|beta#CaptainBaely|
|pubg_156.jpg|#3|#3 4 488|Lovicabatice|
|pubg_157.jpg|#1/97|#1 7 891|Zaib|
|pubg_158.jpg|#1/20|#1 0 246|Eesha17|
|pubg_159.jpg|#1/49|#1 3 737|Varwulf|
|pubg_160.jpg|#1/97|#1 14 735|ApexHydra2|
|pubg_161.jpg|#1/99|#1 27 1586|GeneratedScreenShot|
|pubg_162.jpg|#1/29|#1 3 596|Notzie|
|pubg_163.jpg|#8/99|#8 5 358|George19123|
|pubg_164.jpg|#1/95|#1 3 937|Real_ARTY|
|pubg_165.jpg|#42/95|#42 11 0|topramensdk|
|pubg_166.jpg|#2/10|#2 13 90|Xawery|
|pubg_167.jpg|#4/50|#4 15 464|Luuukas|
|pubg_168.jpg|#3/100|#3 2 546|boujeesavage20|
|pubg_169.jpg|#1/100|#1 11 810|OnelsTwo|
|pubg_170.jpg|#2/28|#2 1 165|BadGirl74|
|pubg_171.jpg|#1/99|#1 4 657|Sourav39|
|pubg_172.jpg|#1/31|#1 2 448|V1rtualSold1er|
|pubg_173.jpg|#1/100|#1 9 700|YANOMIND|
|pubg_174.jpg|#1/99|#1 27 1586|GeneratedScreenShot|
|pubg_175.jpg|#1/31|#1 2 448|V1rtualSold1er|
|pubg_176.jpg|#1/100|#1 5 709|Jagseer5ill|
|pubg_177.jpg|#1/100|#1 17 762|purplepoopy101|
|pubg_178.jpg|#1/99|#1 1 625|LaviGurdit|
|pubg_179.jpg|#1/20|#1 4 238|uvicom|
|pubg_180.jpg|#1/97|#1 6 1,089|irwin_killer|
|pubg_181.jpg|#37/98|#37 0 73|Kazzantra|
|pubg_182.jpg|#1/10|#1 10 703|CaCHooKaMan|
|pubg_183.jpg|#4/27|#4 4 192|ManiacAim|
|pubg_184.jpg|#1/100|#1 10 895|ChrisMarquis18|
|pubg_185.jpg|#1/100||PrimeNexes|
|pubg_186.jpg|#1/100|#1 13 715|GYAN SHARE|
|pubg_187.jpg|#1/49|#1 5 550|Flowersyn|
|pubg_188.jpg|||Woofalot|
|pubg_189.jpg|#5/30|#5 0 62|AKOA|